採用(○/×),字幕の表記,直す先,チャットの名前,件数,動画数,例1,例2,例3
,柚月,優月,@優月17,393,122,-gkbRIo0qmk 0:05:19「いらっしゃい。柚月いらっしゃい。え、」,-gkbRIo0qmk 0:05:35「柚月き大とさんいらっしゃい。しオ」,-gkbRIo0qmk 2:06:26「何しけんけ関柚月きけんけむ柚月ともや」
,けんケム,けんけむぅ,@けんけむぅ,56,38,03Z8XxedHl8 1:36:04「ありがとうけんケム」,29U3MUHycuY 1:31:01「ねけんケムああ行ってらっしゃい急いでる」,29U3MUHycuY 3:16:49「imdって何ですかけんケム今だだやだ今」
,チョコ,ちょこ,@ちょこ-j6u7o,42,25,-0o7gCbe_hI 0:08:32「チョコちゃん。」,-0o7gCbe_hI 0:08:34「チョコちゃんすごい長い。」,-0o7gCbe_hI 0:08:38「チョコちゃんに箱を1年間育てると、」
,鋤崎,スキサキ,@スキサキ,36,25,20pZBuJz1vo 3:04:25「で呼吸書かれてる鋤崎ありがとうギター」,24Sl0y1bt7w 0:11:10「鋤崎は嘘大王部卒記」,24Sl0y1bt7w 2:22:13「月崎牛のと思い鋤崎牛のウトウ」
,ケンケム,けんけむぅ,@けんけむぅ,32,27,-gkbRIo0qmk 4:43:01「で、柚月きケンケムありがとう。」,0Cs4H0yFAWQ 4:20:42「ケンケム」,3AVUfF1lNc8 0:43:10「ありがとね。ケンケムありがとうね。」
,研二,ケンジ,@ケンジ一般紳士A,19,14,04Lwc8-KjOA 0:04:24「3月研二歩もう」,0Mie_LXWjhk 0:11:34「園児今いまだ多くか大馬鹿研二大馬鹿」,5BjJ3V2rtzw 2:47:54「研二」
,けんけむ,けんけむぅ,@けんけむぅ,18,12,4uFvH97pIME 1:36:44「。けんけむが笑ってる」,85ZgF2s6F4k 0:52:03「行けない子。けんけむ君ダメな子。」,85ZgF2s6F4k 0:52:19「けんけむ君[息をのむ音]応援中な変態」
,フェルトペン,ふぇるとぺん,@ふぇるとぺん-VN,14,8,9J7OBNNqyEM 0:19:50「フェルトペン書くね。」,ENeH6DLdYK8 1:41:48「フェルトペンが」,EuTh4g-t9Oc 0:02:28「思ううんフェルトペンありがと」
,ふく,フク,@フクちゃんF91,11,7,0uc7vSzGwkM 0:36:06「えっとふくちゃん読んだナイシスカート中」,0uc7vSzGwkM 1:01:45「てはーいふくちゃんアグネスケ」,0uc7vSzGwkM 1:07:36「疲れが吹っ飛びますふくちゃん感謝お礼と」
,健二,ケンジ,@ケンジ一般紳士A,9,9,3ZMpmHoZp7U 1:24:14「から正解者はナシ健二南マナケケム」,9XbyHxlk9wc 3:15:28「めでとうあり方健二」,CbD50ngMaIY 2:24:41「まひめかいずに最高か商店ありロット健二」
,矢崎,ヤザキ,@ヤザキ-25,9,3,gzjZmqfjfuo 4:22:21「が多いの多分ね。矢崎」,gzjZmqfjfuo 4:22:27「今日お疲れ様。矢崎」,gzjZmqfjfuo 4:22:31「スパチャしてくれるんだ。矢崎そうなんだ」
,グレグレポン,ぐれぐれぽん,@ぐれぐれぽん,8,6,29U3MUHycuY 2:13:53「かわあグレグレポンだグレグレポンの質問」,29U3MUHycuY 2:13:53「かわあグレグレポンだグレグレポンの質問」,29U3MUHycuY 2:14:00「うんじゃグレグレポン」
,アムロレ,アムローレイ,@アムローレイ,7,5,2mFqL2SDan8 0:48:54「アムロでありがとうえアムロレですって」,NYqoR8pM_DY 0:12:14「いるアムロレおはよう言わなかったっ」,NYqoR8pM_DY 2:52:21「レあ覚えたよもうアムロレのこと覚え」
,星美,ホシミ,@鬼島ホシミ,7,4,5PpJOR2kQag 0:10:16「バレンタインの次の日は星美の誕生日今ア」,QwUmPZwCfGg 1:08:47「素晴らしいよえ多いね観覧者月崎星美みも」,ULGCVQnf6NU 0:37:32「星美は」
,コミコミ,こみこみ,@こみこみ-y6z,7,3,Rlq52QAxRe0 0:02:51「コミコミありがとう」,vqs2L4TCqwo 0:03:12「名正コミコミありがとう」,vqs2L4TCqwo 0:21:16「コミコミかっこいいなぁありがと不不不不」
,ふくちゃん,フクちゃん,@フクちゃんF91,6,4,0uc7vSzGwkM 1:01:45「てはーいふくちゃんアグネスケ」,0uc7vSzGwkM 1:07:44「また来ますありがとふくちゃんまた一緒に」,1HriDqmdpwk 0:40:53「のふくちゃんこんばんCK」
,佐藤社長,さとう社長,@さとう社長ch,6,4,9ei91jdmlzQ 3:02:39「で、力しの佐藤社長力士なのを握手して」,CDJVhys1_Dk 1:30:42「言わないよ、絶対に。佐藤社長ゆっくりし」,kN20h6DYJuQ 0:03:17「佐藤社長」
,もりしげ,モリシゲ,@モリシゲ-k9j,6,4,Dmq8ovjSBqs 1:07:57「うんありがとうもりしげ」,GvBk2N20jPQ 1:27:01「なもりしげ」,GvBk2N20jPQ 1:46:07「優しいもりしげ」
,弘明,ひろあき,@ひろあき-963fam,5,4,7qLsLQxtOD4 0:08:01「弘明来てくれてありがとう」,dG7FyYnh7GU 2:27:45「アベルと弘明」,oxrU7MdGGvI 0:59:09「弘明やばい可愛すぎもっとぶりっこしても」
,ミクイチゴ,みくいちご,@みくいちご__P,5,2,9J7OBNNqyEM 0:05:53「ミクイチゴ早速ありがとう。」,9J7OBNNqyEM 0:13:39「。ちょ、ミクイチゴの続き。」,9J7OBNNqyEM 0:13:46「できた。ミクイチゴはえっとオレンジだっ」
,ナス,なす,@なす1717,5,4,TD1hjaCxoDo 1:18:35「ナスさん」,TD1hjaCxoDo 1:19:31「ナスさん」,ULGCVQnf6NU 0:55:33「ナス君を書かせていただきたいと思います」
,星見,ホシミ,@鬼島ホシミ,4,4,CbD50ngMaIY 1:57:57「星見のツイッターの民のチェックしてね」,ULGCVQnf6NU 0:39:53「星見で来ました」,e7ZzYbc0Z6Y 1:45:15「星見先生なんだ」
,レイ,れい,@れい-g5k1o,4,3,GFdbYwbicDs 1:03:13「だめレイ可愛い可愛いレイ君可愛いって」,Vvnd6U0o0DY 1:54:11「番レイ君うまい可愛いありがとう」,h5qRw0X31y8 2:19:36「レイちゃんに感化されて、もう昔やってた」
,すきさき,スキサキ,@スキサキ,3,2,-0o7gCbe_hI 1:24:08「うーん、すきさきー。」,-0o7gCbe_hI 2:44:25「すきさきー」,sCMCNiXpgtQ 4:08:54「ユズキーソラレーありがとうクライドーリースケンケムありがとう。クライド、リース、けんけむ、ありがとう。あ、おい、すきさきー。」
,サンタマリア,さんたまりあ,@さんたまりあ-x2k,3,3,0DZopT7295k 1:41:20「サンタマリアこんばんは明日お楽しみに」,dWM6rD-d-S8 1:19:35「サンタマリアこんばんはmbti」,xsEShXapWP8 2:12:44「サンタマリアいらっしゃいありがとう」
,裕月,優月,@優月17,3,3,5tbsN7rdtGM 1:20:36「え、裕月、」,gzjZmqfjfuo 0:45:02「ありがとう。前も裕月のこと大好きだよ。」,la5wq7TF0gk 0:39:28「うんうんうん裕月大好きだよありがと」
,ミルクティ,みるくてぃー,@みるくてぃー896,3,2,6cSWC1YAoQw 0:03:41「なるミルクティおはよう」,6cSWC1YAoQw 0:04:54「おはようミルクティ前も大好きだよおわ」,wdeW302SO9s 2:05:43「からありがとうミルクティ大好きだよああ」
,集平,シュウヘイ,@シュウヘイ_715,3,3,CV_4MPC_ozI 0:40:37「れたいです。集平の文章ってちゃんと凝っ」,Y2nNoMEUEm4 0:08:29「集平」,_hB1YZ1K_V0 0:04:18「集平いらっしゃい。昨日の衛生丸配信の」
,マパもん,まぱもん,@まぱもん,3,2,ETBfkv-m7cg 1:25:30「うん。マパもんいらっしゃい。ゆっくりし」,ETBfkv-m7cg 1:25:35「マパもん可愛い名前だね。マパモン言い」,_hB1YZ1K_V0 1:18:24「ありがとうな。けマパもんとさんけんけん」
,好きさき,スキサキ,@スキサキ,3,3,H8WDVT1VOcU 0:25:38「いい言っていいよいいよ好きさき様」,Pz9z4WEdLqQ 4:08:03「好きさきちゃんありがとう大好きだよ」,d4yWJxwsen4 0:17:58「好きさきーただいま」
,達也,たつや,@水谷たつや-v3m,3,3,K-Xvkl1w5Pc 0:28:43「あー水谷達也こんいフルネームで呼んで」,PcKDi0G_Lbo 3:26:59「達也いらっしゃい仕事中に声聞けて嬉しい」,wsAS2lynnDo 0:54:18「達也に行った」
,キョロジ,キョロじ,@キョロじ-f6l,3,3,O4wJVJXsUps 1:44:13「カヌスぎるっていうキョロジのコメントが」,bimmSgRcfZA 0:27:41「てありがとう。キョロジいらっしゃい。」,l7m1joqU5rg 0:11:41「おらいらっしゃい。キョロジいらっしゃい」
,福ちゃん,フクちゃん,@フクちゃんF91,3,2,R7GKWGfUKzs 1:53:19「答えすらも前に見せないでお願い福ちゃん」,R7GKWGfUKzs 2:57:23「福ちゃん」,bCexWda_jFU 0:52:47「しましたよあれどんなに福ちゃんは最初の」
,星み,ホシミ,@鬼島ホシミ,3,1,ULGCVQnf6NU 0:36:39「星みー」,ULGCVQnf6NU 0:39:07「はい星みーかわいいじゃん」,ULGCVQnf6NU 0:40:37「ありがとうございますうーん星みー」
,ブド鬼,葡萄鬼,@葡萄鬼-d3s,3,1,_F-5hpH2eT8 0:15:06「。それはブド鬼のいゆっくりしていってね」,_F-5hpH2eT8 0:15:11「。ブド鬼ブド鬼ブド」,_F-5hpH2eT8 0:15:11「。ブド鬼ブド鬼ブド」
,水希,ミズキ,@ミズキ-mZksZk,3,1,euZcVnr5nDU 0:08:11「水希こんまい前のマ欲しい前の抱枕再販」,euZcVnr5nDU 0:45:41「的に警察を自分で呼んだみたい水希は」,euZcVnr5nDU 1:02:29「水希」
,ボンコ原,盆子原,@盆子原大史,3,1,xoyMULLYoEg 4:42:39「ボンコ原ひフだよ。あ、ボンコ原ひふ。」,xoyMULLYoEg 4:42:39「ボンコ原ひフだよ。あ、ボンコ原ひふ。」,xoyMULLYoEg 4:42:50「ボンコ原ひふはかっこよすぎ。さすがに」
,長谷川,ハセガワ,@ハセガワハルカ-Special,2,1,-gkbRIo0qmk 5:02:46「していってね。長谷川はかスペシャル」,-gkbRIo0qmk 5:02:48「じゃん。しかもただの長谷川はかじゃない」,
,修平,シュウヘイ,@シュウヘイ_715,2,2,0Cs4H0yFAWQ 1:10:59「うん修平いらっしゃいゆっくりしていって」,3ZMpmHoZp7U 1:57:02「えっとうん修平いらっしゃい」,
,ほ太郎,ほーたろー,@ほーたろー555,2,2,0MpYsJ-rjfQ 0:23:10「いらっしゃい。今おり論争しててほ太郎」,T3gMrj1TRA4 0:17:01「グッドマンここにいてグッドマンほ太郎ほ」,
,りんちゃん,リンちゃん,@リンちゃん-q7l,2,2,3auVibqSdHA 1:37:09「ありがとうりんちゃん来てくれて」,K-Xvkl1w5Pc 1:02:20「りんちゃんいらっしゃいてね」,
,ティアマト,てぃあまと,@てぃあまと-e3o,2,2,6cSWC1YAoQw 0:16:19「ねてィティアマト」,D7OzIv1haJQ 0:57:10「?ああ、いいじゃん。ティアマトのやつ。」,
,けンケム,けんけむぅ,@けんけむぅ,2,2,9ei91jdmlzQ 1:30:21「とおバカけんけ。けンケムいっぱい。」,AXa6CqBsLww 2:14:58「が限界。けンケム。ケンケムのあの髪の毛」,
,星野,ホシノ,@ホシノ-o7u,2,1,9zIR_l3eg2w 1:32:08「な。うん。星野いらっしゃい。来てくれて」,9zIR_l3eg2w 1:32:12「ありがとう。星野ゆっくりしていってね。」,
,チサちゃん,ちさちゃん,@ちさちゃん,2,2,DCwP7kUusSI 1:43:51「チサちゃんも酔っ払ってるの」,dre1nHDH148 1:57:10「ちゃん嬉しいありがとうチサちゃん」,
,マパモン,まぱもん,@まぱもん,2,1,ETBfkv-m7cg 1:25:35「マパもん可愛い名前だね。マパモン言い」,ETBfkv-m7cg 1:25:38「たくなっちゃう名前だね。マパモン」,
,森しげ,モリシゲ,@モリシゲ-k9j,2,2,GFdbYwbicDs 0:04:04「え1週間お休みしてましたまいです森しげ」,j_jnZrmIn5U 2:10:06「え今さっきちょうど森しげのスパチャ読み」,
,あや,あーや,@あーや-u1o,2,1,JZp1myHNYVw 2:27:58「な呼ばれたいゆう月あやちゃんと呼んで」,JZp1myHNYVw 2:28:02「欲しいですあやちゃんまずのミハムが一番」,
,甚八,迅八,@迅八,2,2,SaVWUUYYp5k 1:22:50「甚八カニがとーむネックしていいそれの」,_BJ8q8QNVT0 0:15:59「甚八ありがたうんオナー1納言な顔だ」,
,神楽,神樂,@神樂徹,2,2,ULGCVQnf6NU 0:20:45「神楽鉄こんばんは」,Xv6btt6mhEI 0:07:35「神楽ありがとう何週今誰を押すな」,
,リュラリマン,りゅらりまん,@りゅらりまん,2,1,ZGC89EWn4ck 2:01:44「お帰りなさいませ。リュラリマン。」,ZGC89EWn4ck 2:01:47「りらりん。リュラリマン。いい名前だね。」,
,拓也,拓哉,@农村拓哉,2,1,_BJ8q8QNVT0 3:02:58「8拓也」,_BJ8q8QNVT0 3:03:01「なんとか拓也」,
,仙道,せんどう,@せんどう5050,2,1,dG7FyYnh7GU 1:08:22「仙道かな」,dG7FyYnh7GU 1:08:48「仙道って言います」,
,新一,しんいち,@しんいち-d8q,2,1,jKbLQxfAh8Q 0:12:43「新一うん仲良くだめお友達になってから」,jKbLQxfAh8Q 0:34:14「う新一まだいてくれてる」,
,ゆう,ユウ,@ユウ-e2z4p,2,1,kwGSNQ8ePBI 1:10:28「うんゆうちゃんシツライブ見るの初めて」,kwGSNQ8ePBI 1:10:33「ゆうちゃんゆっくりしていてねありがとう」,
,阿部,安部,@安部-o6x,2,2,mtuIQ7Opo1Q 1:13:46「阿部ちょっとの日和塩あのにイラッ」,vqs2L4TCqwo 0:18:43「が凍結されがちょっと阿部ないことはし」,
,亮太,涼太,@涼太-v2v,2,1,pZNiL3FZBNs 1:45:48「亮太の言うことかさ正しいから」,pZNiL3FZBNs 2:36:49「亮太」,
,平塚,ヒラツカ,@ヒラツカ-p1c,2,1,wZDgAISmJCo 1:44:41「平塚」,wZDgAISmJCo 1:44:51「平塚このタイミングチョコちゃん」,
,土丸,つちまる,@つちまる-v1t,2,1,waHdRa4LK-8 0:18:37「賛成します。よし、じゃあ土丸どうぞ。」,waHdRa4LK-8 0:18:39「ここ。ここ土丸の席はここ。はい。最前。」,
,ミラたし,みらたし,@みらたし-d8c,1,1,0ZFg7zrMqVw 1:18:51「ないはいさんミラたしいらっしゃい」,,
,雪イズミ,ゆきいずみ,@ゆきいずみ-f5r,1,1,0tX7gVORghE 0:59:20「びっくりしてってね雪イズミ」,,
,賢治,ケンジ,@ケンジ一般紳士A,1,1,24Sl0y1bt7w 1:07:39「賢治さんは17%」,,
,グレグレーポン,ぐれぐれぽん,@ぐれぐれぽん,1,1,29U3MUHycuY 0:03:20「おはようグレグレーポン」,,
,ポンコツラーメン,ぽんこつらーめん,@ぽんこつらーめん0,1,1,29U3MUHycuY 3:24:59「よポンコツラーメンまるさんありがとう」,,
,谷まスカウター,谷間スカウター,@谷間スカウター,1,1,2NExikPFxE8 0:28:16「あありがとう谷まスカウター紫や黒などは」,,
,大手,大矢,@大矢美徳,1,1,3aZcIS3FTHc 0:16:14「思う大手さん見てたらうんだから向いてる」,,
,アムロ霊,アムローレイ,@アムローレイ,1,1,3auVibqSdHA 1:19:54「アムロ霊です知ってるってもう分かったで」,,
,孫悟飯,孫悟パン,@孫悟パン,1,1,3h1c8Ri4MIE 1:06:51「孫悟飯ありがとう」,,
,健司,ケンジ,@ケンジ一般紳士A,1,1,4BMa6QtujwA 0:03:59「健司ありがとうくらいとハートありがとう」,,
,重治,しげはる,@しげはる_shigeharu213,1,1,5BjJ3V2rtzw 0:18:26「あーこんばんは重治ありがとうこれをし」,,
,多摩サマー,たまさま,@たまさま-WD,1,1,5BjJ3V2rtzw 2:48:44「多摩サマーた馬車前りがとー」,,
,セルポ星人,セルポ成人,@セルポ成人,1,1,6x9Gk4WMDok 1:06:46「セルポ星人ありがとう。パンチパンチ」,,
,リツ,りつ,@りつか-chan,1,1,7LjdmUyuJt4 1:21:13「ですね。あ、リツ君も読んだね。テレビ」,,
,暗いド,クライド,@クライド-l6k,1,1,9J7OBNNqyEM 1:01:58「はあ。暗いド。始まったなの?ダクラ。」,,
,ミキ,みき,@みきぴーー,1,1,BWIrlVixgqo 0:33:58「ミキさんにPCの音を入れてたりし」,,
,安倍,安部,@安部-o6x,1,1,BmIenBcT2Yk 0:00:37「ni安倍氏の端」,,
,小太郎,こたろう,@こたろう-r6k,1,1,BoQWanPpFKE 1:47:51「ながらになるけど小太郎いらっしゃい」,,
,山口,やまぐち,@やまぐちまいと,1,1,BoQWanPpFKE 1:58:43「いらっしゃい山口まいらっしゃいえ」,,
,太田,大田,@大田草太-Ota_Sota-2525,1,1,CCvzAW1QVS8 2:01:08「可愛い。ロシいらっしゃい。うん。太田」,,
,相太,草太,@大田草太-Ota_Sota-2525,1,1,CCvzAW1QVS8 2:01:14「相太いらっしゃい。」,,
,高橋回,高橋かい,@高橋かい-c2w,1,1,CbD50ngMaIY 1:53:10「この間車検でした高橋回ありがとう」,,
,涼平,りょうへい,@りょうへい-f7w,1,1,CbD50ngMaIY 2:16:24「涼平」,,
,福田,フグ田,@フグ田刃牙,1,1,Czg5zHyDm8k 0:14:13「まいゆうこんまいふろこんまい福田福田」,,
,白登員,白桃院,@白桃院-v2g,1,1,Czg5zHyDm8k 0:19:23「てるからえ見逃します白登員こばビール」,,
,小平,翔平,@翔平藤田-r6t,1,1,Dw1FpFzqlzo 0:32:02「。そろそろ大なしくしよね。うん。小平、」,,
,クラいド,クライド,@クライド-l6k,1,1,ETBfkv-m7cg 0:38:35「クラいドありがとう。こんまい。うーん。」,,
,アリミン,ありみん,@ありみん-t5u,1,1,GrGXEPT6_ok 2:26:49「でしょうあ頑張れってアリミン送ってくれ」,,
,お豆井,おまめ,@おまめ-y8f,1,1,IRoC6D4GjMk 1:38:00「渡航前お豆井です愛ありがとう」,,
,タッチ,タッチー,@タッチーさん,1,1,IhCNA-qQc3Q 0:13:06「タッチさんこんばんはいはい」,,
,タッチさん,タッチーさん,@タッチーさん,1,1,IhCNA-qQc3Q 0:13:06「タッチさんこんばんはいはい」,,
,サバ味噌,鯖味噌,@鯖味噌-p4s,1,1,IhCNA-qQc3Q 2:20:26「美味しいよねサバ味噌」,,
,日本男子,日本男児,@日本男児-v3k,1,1,JZp1myHNYVw 1:53:44「ありがとうダのこと待ってるね日本男子」,,
,下村かずや,下村和也,@下村和也-y9y,1,1,Jt_ad_Wku8Y 1:03:38「な下村かずや」,,
,水谷達也,水谷たつや,@水谷たつや-v3m,1,1,K-Xvkl1w5Pc 0:28:43「あー水谷達也こんいフルネームで呼んで」,,
,時久計5,時久恵吾,@時久恵吾,1,1,MvNQfdGNn28 1:43:35「ねえ時久計5割がと最後まで見てくれて f」,,
,椿ちゃん,つばきちゃん,@つばきちゃん-r6w,1,1,PcKDi0G_Lbo 0:24:12「椿ちゃんありがとうツバキちゃん足のもん」,,
,ツバキ,つばき,@つばきちゃん-r6w,1,1,PcKDi0G_Lbo 0:24:12「椿ちゃんありがとうツバキちゃん足のもん」,,
,佑月,優月,@優月17,1,1,Pz9z4WEdLqQ 0:18:02「佑月が前に」,,
,宮崎県,宮城県,@宮城県産昆布,1,1,Pz9z4WEdLqQ 1:52:21「宮崎県さんこんばんは来てくれた」,,
,真田正志,さなだまさし,@さなだまさし0,1,1,R7GKWGfUKzs 0:28:44「真田正志もいらっしゃい」,,
,正志,まさし,@さなだまさし0,1,1,R7GKWGfUKzs 0:28:44「真田正志もいらっしゃい」,,
,佐久間,さくま,@さくま39,1,1,R7GKWGfUKzs 2:58:05「佐久間」,,
,まりマリー,まりまり,@まりまり-f7g,1,1,SaVWUUYYp5k 1:16:09「お疲れ様ですありがとうまりマリー」,,
,けんじ,ケンジ,@ケンジ一般紳士A,1,1,TD1hjaCxoDo 4:37:19「けんじ君美濃」,,
,ポポポポ,ぽぽぽーぽ,@ぽぽぽーぽ-h2e,1,1,Vb9rE7toZ-8 0:17:46「まいジュナスこんまいポポポポこんまい」,,
,小林,こばやし,@こばやし-t5o,1,1,Vb9rE7toZ-8 1:39:51「小林」,,
,ビロトーク松本,ピロートーク松本,@ピロートーク松本,1,1,WB1lWLE82vg 1:23:10「松本ビロトーク松本の名前の色気には」,,
,伊織,いおり,@いおり-i4n,1,1,WmCYa_TvXt4 0:17:07「伊織乾杯えりちゃん乾杯名前呼ぶだけで」,,
,ホ太郎,ほーたろー,@ほーたろー555,1,1,Wpa5URJDyfA 0:40:04「マジで続編みたくない。ホ太郎うまい。」,,
,ソラレ,空レ,@空レ,1,1,Y2nNoMEUEm4 0:07:18「じゃおう。ソラレちゃん超可愛い大た大大」,,
,きな子,きなこ,@きなこ-hn,1,1,Z9X1dVoFZ2w 1:53:30「ね寂しかったよきな子いない」,,
,可夢偉,カムイ,@カムイ-t7w,1,1,_1sT6Yp7sSk 1:04:38「new やり言って可夢偉ん」,,
,俊介,しゅんすけ,@しゅんすけ-s4y,1,1,_BJ8q8QNVT0 1:33:04「おろ俊介」,,
,賢爾,ケンジ,@ケンジ一般紳士A,1,1,aGgG-JPvXa0 2:01:34「斉藤賢爾も鍋るー」,,
,ピロトク松本,ピロートーク松本,@ピロートーク松本,1,1,azQLHHkfQHE 0:15:17「うんどうこんまいピロトク松本こんまい」,,
,ミッキーマークス,みっきまくす,@みっきまくす,1,1,bCujYFAKIfs 3:07:44「ありがとうミッキーマークスいっぱい」,,
,斎藤まさみ,さいとうまさみ,@さいとうまさみ-p6f,1,1,dUOyEi-7gvQ 4:37:11「斎藤まさみおやすみ」,,
,森保,モリヤス,@モリヤス-r6f,1,1,dWM6rD-d-S8 2:01:06「森保」,,
,皆月,水無月,@水無月-q1v,1,1,euZcVnr5nDU 0:35:12「ありがとう皆月まちゃんセブが足りてない」,,
,皆月ま,水無月,@水無月-q1v,1,1,euZcVnr5nDU 0:35:12「ありがとう皆月まちゃんセブが足りてない」,,
,隆二,リュウジ,@銀河帝国軍パイロットリュウジ,1,1,fF66y9Xwtvk 2:07:47「あパイロット隆二」,,
,好きサキ,スキサキ,@スキサキ,1,1,jszAJ_XWLW0 1:49:02「好きサキ。」,,
,波蔵,ナミゾウ,@ナミゾウ-r6f,1,1,k7cXdJxCfkI 0:08:30「波蔵乾杯うん小乾杯けけも乾杯ケンジ乾杯」,,
,賢二,ケンジ,@ケンジ一般紳士A,1,1,kM8ouZvjyY8 0:10:43「おはよう喉からからなんだけど賢二」,,
,ブリアン,ぶりあん,@ぶりあん1129,1,1,kfCz747P3rA 0:40:19「ね美しブリアンありがとうあれトップ」,,
,川崎,かわさき,@かわさきゆきえ,1,1,kwGSNQ8ePBI 3:07:16「たあたちこまいゆっくりしてってね川崎」,,
,ワトソン,わとそん,@わとそん-v2u,1,1,lb1C_43yNqg 1:10:31「?ああ、ワトソンにね。」,,
,ハラオうん,ハラオウン,@ハラオウン,1,1,mw0YJ3BGVzc 0:15:47「ゆっくりしていってね。ハラオうん。うん」,,
,憲次,ケンジ,@ケンジ一般紳士A,1,1,nPu9RAwF3tY 0:41:35「赤いを見て下さい憲次 kenji モナ」,,
,ケイ,けい,@けいちゃん-j7k,1,1,oxrU7MdGGvI 0:03:24「ケイちゃんいらっしゃい」,,
,ケイちゃん,けいちゃん,@けいちゃん-j7k,1,1,oxrU7MdGGvI 0:03:24「ケイちゃんいらっしゃい」,,
,白石ダビデ,しらいしだびで,@しらいしだびで,1,1,pk8XCATbRGQ 1:04:23「うんきぬいらっしゃいえ白石ダビデ」,,
,佐藤安,佐藤靖,@佐藤靖-c9l,1,1,pxhwsqs6PdE 1:54:42「けどうん佐藤安お名前なんて読むゆっくり」,,
,ポテチちゃん,ぽてちちゃん,@ぽてちちゃん-h3i,1,1,pxhwsqs6PdE 2:30:55「レンありがとう初見ですポテチちゃん」,,
,柏ぎ,柏木,@柏木南乃,1,1,q_ow44ufnqk 0:15:35「すぎてどこが名前なのかわかんない。柏ぎ」,,
,高弘,たかひろ,@はっとりたかひろくん,1,1,r32SrxbDz1Y 2:02:28「はっ取り高弘君いらっしゃい。いい名前だ」,,
,お月,優月,@優月17,1,1,r3qdpdfF-NQ 0:32:06「まんまるなお月さんに憧れただけ」,,
,ミケ猫,みけねこ,@みけねこ-32,1,1,rUURwcnP81c 0:04:13「ありがとうミケ猫あ捕まえた」,,
,グリーニル,ぐりーにる,@ぐりーにる,1,1,rfFGTtiLRRA 2:11:21「グリーニルでは」,,
,アキ,あき,@aki3_あきさん,1,1,sCMCNiXpgtQ 0:55:38「アキさんこんばんは。いらっしゃい。」,,
,服部貴弘くん,はっとりたかひろくん,@はっとりたかひろくん,1,1,sCMCNiXpgtQ 2:49:19「服部貴弘くんいらっしゃい。ゆっくりしていってね。」,,
,貴弘,たかひろ,@はっとりたかひろくん,1,1,sCMCNiXpgtQ 2:49:19「服部貴弘くんいらっしゃい。ゆっくりしていってね。」,,
,服部貴宏くん,はっとりたかひろくん,@はっとりたかひろくん,1,1,sCMCNiXpgtQ 2:52:27「服部貴宏くん、まいです。」,,
,貴宏,たかひろ,@はっとりたかひろくん,1,1,sCMCNiXpgtQ 2:52:27「服部貴宏くん、まいです。」,,
,エルちゃん,えるちゃん,@えるちゃん-r9m,1,1,uXaqxqB-rEM 1:23:34「な?エルちゃんもいるね。」,,
,グレぐレポン,ぐれぐれぽん,@ぐれぐれぽん,1,1,uXaqxqB-rEM 1:32:42「グレぐレポン、こんにちは。ゆっくりしていってね。そうなんだよ。ワの原点なんだよな、このゲームが。お、どこまでかけたかな?ケロちゃん。ここまでかけたんだって。ケ、」,,
,ナース,なす,@なす1717,1,1,v_DKm-8My7c 1:29:19「ナースさんの足のかえってパン好きですね」,,
,仁丹,じんたん,@じんたん0w0,1,1,vqs2L4TCqwo 3:06:10「仁丹頼んだようん」,,
,リンキュラー,りんきゅら,@りんきゅら,1,1,wZDgAISmJCo 0:20:58「ありがとうリンキュラー」,,
,マオンちゃん,まおんちゃん,@まおんちゃん,1,1,wZDgAISmJCo 0:58:15「うわーマオンちゃんありがとううん」,,
,ウニティア,うにてぃあ,@うにてぃあ,1,1,wdeW302SO9s 0:39:18「フライドあ初見ですウニティアこば」,,
,ミー君,みーくん,@みーくん-b6d,1,1,wdeW302SO9s 1:07:27「じゃあまりミー君のことを好きにしちゃう」,,
,矢三郎,やさぶろう,@やさぶろう-t7o,1,1,xbu39CClmhg 0:04:54「の萌え読み方あってるかな矢三郎」,,
,ぼんこ原,盆子原,@盆子原大史,1,1,xoyMULLYoEg 4:42:53「本名じゃない。ペンネームかな。ぼんこ原」,,
,小室イエガー,小室イェーガー,@小室イェーガー-b6z,1,1,y3EgsAnjw8I 0:52:49「ゆっくりしてってね小室イエガー」,,
